date,page,name,impressions,clicks,position
2026-09-20,/fujisawa/,藤沢市,3,0,11
2026-09-20,/machida/,町田市,4,0,9.8
2026-09-21,/chiba/,千葉市,5,0,47.2
2026-09-21,/fujisawa/,藤沢市,3,0,51.7
2026-09-21,/funabashi/,船橋市,1,0,9
2026-09-21,/hachioji/,八王子市,2,0,47.5
2026-09-21,/machida/,町田市,6,0,19.5
2026-09-21,/saitama/,さいたま市,5,0,7.8
2026-09-21,/sendai/,仙台市,4,0,9.5
2026-09-22,/chiba/,千葉市,6,0,93.8
2026-09-22,/fujisawa/,藤沢市,2,0,34
2026-09-22,/funabashi/,船橋市,2,0,50.5
2026-09-22,/hachioji/,八王子市,4,0,29
2026-09-22,/machida/,町田市,6,1,40.5
2026-09-22,/saitama/,さいたま市,2,0,44.5
2026-09-23,/chiba/,千葉市,8,0,60.6
2026-09-23,/fujisawa/,藤沢市,1,0,57
2026-09-23,/funabashi/,船橋市,2,0,9
2026-09-23,/hachioji/,八王子市,5,0,8.2
2026-09-23,/saitama/,さいたま市,1,0,86
2026-09-23,/sendai/,仙台市,1,0,11
2026-09-24,/chiba/,千葉市,6,0,84
2026-09-24,/fujisawa/,藤沢市,8,0,46.9
2026-09-24,/funabashi/,船橋市,2,0,39
2026-09-24,/hachioji/,八王子市,4,0,56.5
2026-09-24,/machida/,町田市,2,0,40
2026-09-24,/saitama/,さいたま市,5,0,24.6
2026-09-24,/sendai/,仙台市,1,0,81
2026-09-25,/chiba/,千葉市,2,0,59.5
2026-09-25,/fujisawa/,藤沢市,3,0,51
2026-09-25,/hachioji/,八王子市,2,0,91
2026-09-25,/machida/,町田市,2,0,47
2026-09-25,/saitama/,さいたま市,2,0,52.5
2026-09-25,/sendai/,仙台市,1,0,21
2026-09-26,/chiba/,千葉市,1,0,98
2026-09-26,/fujisawa/,藤沢市,1,0,53
2026-09-26,/saitama/,さいたま市,2,0,47.5
2026-09-27,/chiba/,千葉市,3,0,71.7
2026-09-27,/fujisawa/,藤沢市,1,0,52
2026-09-27,/hachioji/,八王子市,3,0,63.7
2026-09-27,/saitama/,さいたま市,2,0,89
2026-09-28,/chiba/,千葉市,1,0,103
2026-09-28,/fujisawa/,藤沢市,1,0,56
2026-09-28,/funabashi/,船橋市,4,0,46.2
2026-09-29,/chiba/,千葉市,2,0,45
2026-09-29,/fujisawa/,藤沢市,4,0,56.5
2026-09-29,/funabashi/,船橋市,2,0,70
2026-09-29,/hachioji/,八王子市,4,0,50.2
2026-09-29,/machida/,町田市,3,0,51.7
2026-09-29,/saitama/,さいたま市,1,0,8
2026-09-30,/chiba/,千葉市,1,0,70
2026-09-30,/fujisawa/,藤沢市,3,0,51.7
2026-09-30,/hachioji/,八王子市,1,0,20
2026-09-30,/sendai/,仙台市,1,0,3
2026-10-01,/chiba/,千葉市,2,0,99
2026-10-01,/fujisawa/,藤沢市,4,0,49.8
2026-10-01,/hachioji/,八王子市,1,0,89
2026-10-02,/chiba/,千葉市,8,0,84.1
2026-10-02,/fujisawa/,藤沢市,4,0,13.8
2026-10-02,/funabashi/,船橋市,1,0,4
2026-10-02,/hachioji/,八王子市,5,0,48
2026-10-02,/saitama/,さいたま市,2,0,18
2026-10-02,/sendai/,仙台市,1,0,2
2026-10-03,/chiba/,千葉市,25,1,46.6
2026-10-03,/fujisawa/,藤沢市,3,0,11.3
2026-10-03,/funabashi/,船橋市,3,0,19
2026-10-03,/hachioji/,八王子市,2,0,48.5
2026-10-03,/saitama/,さいたま市,1,0,73
2026-10-04,/chiba/,千葉市,16,0,51.5
2026-10-04,/fujisawa/,藤沢市,4,0,14.5
2026-10-04,/funabashi/,船橋市,1,0,2
2026-10-04,/hachioji/,八王子市,3,0,42
2026-10-04,/sendai/,仙台市,4,0,8.5
2026-10-05,/chiba/,千葉市,13,0,61.1
2026-10-05,/fujisawa/,藤沢市,3,0,13
2026-10-05,/funabashi/,船橋市,2,0,48.5
2026-10-05,/hachioji/,八王子市,4,0,12
2026-10-05,/machida/,町田市,2,0,63
2026-10-05,/saitama/,さいたま市,1,0,6
2026-10-05,/sendai/,仙台市,1,0,4
2026-10-06,/chiba/,千葉市,9,0,76
2026-10-06,/fujisawa/,藤沢市,3,0,16
2026-10-06,/funabashi/,船橋市,1,0,5
2026-10-06,/hachioji/,八王子市,3,0,38.3
2026-10-06,/machida/,町田市,1,0,5
2026-10-06,/saitama/,さいたま市,3,0,8.7
