日付,町田市,藤沢市,さいたま市,千葉市,船橋市,八王子市,仙台市
2026-09-20,9.8,11,,,,,
2026-09-21,19.5,51.7,7.8,47.2,9,47.5,9.5
2026-09-22,40.5,34,44.5,93.8,50.5,29,
2026-09-23,,57,86,60.6,9,8.2,11
2026-09-24,40,46.9,24.6,84,39,56.5,81
2026-09-25,47,51,52.5,59.5,,91,21
2026-09-26,,53,47.5,98,,,
2026-09-27,,52,89,71.7,,63.7,
2026-09-28,,56,,103,46.2,,
2026-09-29,51.7,56.5,8,45,70,50.2,
2026-09-30,,51.7,,70,,20,3
2026-10-01,,49.8,,99,,89,
2026-10-02,,13.8,18,84.1,4,48,2
2026-10-03,,11.3,73,46.6,19,48.5,
2026-10-04,,14.5,,51.5,2,42,8.5
2026-10-05,63,13,6,61.1,48.5,12,4
2026-10-06,5,16,8.7,76,5,38.3,
